[
  {
    "value": "Overview",
    "synonyms": [
      "Overview"
    ]
  },
  {
    "value": "Key Takeaway",
    "synonyms": [
      "Key Takeaway"
    ]
  },
  {
    "value": "Who should attend",
    "synonyms": [
      "Who should attend"
    ]
  },
  {
    "value": "Pre-requsites",
    "synonyms": [
      "Pre-requsites"
    ]
  },
  {
    "value": "What will be covered",
    "synonyms": [
      "What will be covered"
    ]
  },
  {
    "value": "Course Fees",
    "synonyms": [
      "Course Fees"
    ]
  },
  {
    "value": "Certificates",
    "synonyms": [
      "Certificates"
    ]
  }
]