[
  {
    "value": "Artificial Intelligence",
    "synonyms": [
      "Artificial Intelligence"
    ]
  },
  {
    "value": "Cybersecurity",
    "synonyms": [
      "Cybersecurity"
    ]
  },
  {
    "value": "Data Science",
    "synonyms": [
      "Data Science"
    ]
  },
  {
    "value": "Digital Agility",
    "synonyms": [
      "Digital Agility"
    ]
  },
  {
    "value": "Digital Innovation \u0026 Design",
    "synonyms": [
      "Digital Innovation \u0026 Design"
    ]
  },
  {
    "value": "Digital Strategy \u0026 Leadership",
    "synonyms": [
      "Digital Strategy \u0026 Leadership"
    ]
  },
  {
    "value": "Digital Products \u0026 Platforms",
    "synonyms": [
      "Digital Products \u0026 Platforms"
    ]
  },
  {
    "value": "Professional Conversion Programmes",
    "synonyms": [
      "Professional Conversion Programmes"
    ]
  },
  {
    "value": "SkillsFuture Series",
    "synonyms": [
      "SkillsFuture Series"
    ]
  },
  {
    "value": "Smart Health Leadership",
    "synonyms": [
      "Smart Health Leadership"
    ]
  },
  {
    "value": "Software Systems",
    "synonyms": [
      "Software Systems"
    ]
  },
  {
    "value": "StackUp - Startup Tech Talent Development",
    "synonyms": [
      "StackUp - Startup Tech Talent Development"
    ]
  }
]