[
  {
    "value": "machine-reasoning",
    "synonyms": [
      "machine-reasoning"
    ]
  },
  {
    "value": "reasoning-systems",
    "synonyms": [
      "reasoning-systems"
    ]
  },
  {
    "value": "problem-solving-using-pattern-recognition",
    "synonyms": [
      "problem-solving-using-pattern-recognition"
    ]
  },
  {
    "value": "intelligent-sensing-and-sense-making",
    "synonyms": [
      "intelligent-sensing-and-sense-making"
    ]
  },
  {
    "value": "pattern-recognition-and-machine-learning-systems",
    "synonyms": [
      "pattern-recognition-and-machine-learning-systems"
    ]
  },
  {
    "value": "vision-systems",
    "synonyms": [
      "vision-systems"
    ]
  },
  {
    "value": "spatial-reasoning-from-sensor-data",
    "synonyms": [
      "spatial-reasoning-from-sensor-data"
    ]
  },
  {
    "value": "new-media-and-sentiment-mining-new",
    "synonyms": [
      "new-media-and-sentiment-mining-new"
    ]
  },
  {
    "value": "nicf--text-analytics-sf",
    "synonyms": [
      "nicf--text-analytics-sf"
    ]
  },
  {
    "value": "text-processing-using-machine-learning",
    "synonyms": [
      "text-processing-using-machine-learning"
    ]
  },
  {
    "value": "robotic-systems",
    "synonyms": [
      "robotic-systems"
    ]
  },
  {
    "value": "nicf--aisp-qualified-information-security-professional-course-sf",
    "synonyms": [
      "nicf--aisp-qualified-information-security-professional-course-sf"
    ]
  },
  {
    "value": "nicf--securing-iot-sf",
    "synonyms": [
      "nicf--securing-iot-sf"
    ]
  },
  {
    "value": "nicf--design-secure-mobile-architecture-sf",
    "synonyms": [
      "nicf--design-secure-mobile-architecture-sf"
    ]
  },
  {
    "value": "nicf--design-secure-mobile-architecture-ssdla-sf",
    "synonyms": [
      "nicf--design-secure-mobile-architecture-ssdla-sf"
    ]
  },
  {
    "value": "nicf--isc-ccsp-cbk-training-seminar-sf",
    "synonyms": [
      "nicf--isc-ccsp-cbk-training-seminar-sf"
    ]
  },
  {
    "value": "nicf--isc-cissp-cbk-training-seminar-sf",
    "synonyms": [
      "nicf--isc-cissp-cbk-training-seminar-sf"
    ]
  },
  {
    "value": "nicf--cybersecurity-risk-awareness-sf",
    "synonyms": [
      "nicf--cybersecurity-risk-awareness-sf"
    ]
  },
  {
    "value": "nicf--managing-cybersecurity-risk-sf",
    "synonyms": [
      "nicf--managing-cybersecurity-risk-sf"
    ]
  },
  {
    "value": "nicf--cyber-security-for-ict-professionals-sf",
    "synonyms": [
      "nicf--cyber-security-for-ict-professionals-sf"
    ]
  },
  {
    "value": "nicf--isc-csslp-cbk-training-seminar-sf",
    "synonyms": [
      "nicf--isc-csslp-cbk-training-seminar-sf"
    ]
  },
  {
    "value": "nicf--data-analytics-process-and-best-practice-sf",
    "synonyms": [
      "nicf--data-analytics-process-and-best-practice-sf"
    ]
  },
  {
    "value": "nicf--data-storytelling-sf",
    "synonyms": [
      "nicf--data-storytelling-sf"
    ]
  },
  {
    "value": "nicf--statistics-for-business-sf",
    "synonyms": [
      "nicf--statistics-for-business-sf"
    ]
  },
  {
    "value": "nicf--data-driven-decision-making-sf",
    "synonyms": [
      "nicf--data-driven-decision-making-sf"
    ]
  },
  {
    "value": "nicf--managing-business-analytics-projects-sf",
    "synonyms": [
      "nicf--managing-business-analytics-projects-sf"
    ]
  },
  {
    "value": "nicf--data-governance-protection-sf",
    "synonyms": [
      "nicf--data-governance-protection-sf"
    ]
  },
  {
    "value": "nicf--statistics-bootcamp-sf",
    "synonyms": [
      "nicf--statistics-bootcamp-sf"
    ]
  },
  {
    "value": "nicf--predictive-analytics---insights-of-trends-and-irregularities-sf",
    "synonyms": [
      "nicf--predictive-analytics---insights-of-trends-and-irregularities-sf"
    ]
  },
  {
    "value": "nicf--text-analytics-sf",
    "synonyms": [
      "nicf--text-analytics-sf"
    ]
  },
  {
    "value": "nicf--recommender-systems-sf",
    "synonyms": [
      "nicf--recommender-systems-sf"
    ]
  },
  {
    "value": "nicf--customer-analytics-sf",
    "synonyms": [
      "nicf--customer-analytics-sf"
    ]
  },
  {
    "value": "nicf-campaign-analytics-sf",
    "synonyms": [
      "nicf-campaign-analytics-sf"
    ]
  },
  {
    "value": "nicf--advanced-customer-analytics-sf",
    "synonyms": [
      "nicf--advanced-customer-analytics-sf"
    ]
  },
  {
    "value": "nicf--big-data-engineering-for-analytics-sf",
    "synonyms": [
      "nicf--big-data-engineering-for-analytics-sf"
    ]
  },
  {
    "value": "nicf--feature-engineering-and-analytics-using-iot-data-sf",
    "synonyms": [
      "nicf--feature-engineering-and-analytics-using-iot-data-sf"
    ]
  },
  {
    "value": "new-media-and-sentiment-mining-new",
    "synonyms": [
      "new-media-and-sentiment-mining-new"
    ]
  },
  {
    "value": "text-processing-using-machine-learning",
    "synonyms": [
      "text-processing-using-machine-learning"
    ]
  },
  {
    "value": "nicf--health-analytics_sf",
    "synonyms": [
      "nicf--health-analytics_sf"
    ]
  },
  {
    "value": "nicf-service-analytics-sf",
    "synonyms": [
      "nicf-service-analytics-sf"
    ]
  },
  {
    "value": "nicf--web-analytics-seo-sf",
    "synonyms": [
      "nicf--web-analytics-seo-sf"
    ]
  },
  {
    "value": "nicf--social-media-analytics-sf",
    "synonyms": [
      "nicf--social-media-analytics-sf"
    ]
  },
  {
    "value": "certified-scrum-product-owner-",
    "synonyms": [
      "certified-scrum-product-owner-"
    ]
  },
  {
    "value": "nicf-business-agility-bootcamp",
    "synonyms": [
      "nicf-business-agility-bootcamp"
    ]
  },
  {
    "value": "nicf--certified-scrummaster-sf",
    "synonyms": [
      "nicf--certified-scrummaster-sf"
    ]
  },
  {
    "value": "nicf--pmi-agile-certified-practitioner-pmi-acp-preparatory-course-acp-sf",
    "synonyms": [
      "nicf--pmi-agile-certified-practitioner-pmi-acp-preparatory-course-acp-sf"
    ]
  },
  {
    "value": "nicf--certified-less-practitioner---principles-to-practices-sf",
    "synonyms": [
      "nicf--certified-less-practitioner---principles-to-practices-sf"
    ]
  },
  {
    "value": "nicf--agile-testing-sf",
    "synonyms": [
      "nicf--agile-testing-sf"
    ]
  },
  {
    "value": "nicf--essential-practices-for-agile-teams-sf",
    "synonyms": [
      "nicf--essential-practices-for-agile-teams-sf"
    ]
  },
  {
    "value": "nicf--business-analysis-for-agile-practitioners-sf",
    "synonyms": [
      "nicf--business-analysis-for-agile-practitioners-sf"
    ]
  },
  {
    "value": "nicf---lean-it-foundation-certification-sf",
    "synonyms": [
      "nicf---lean-it-foundation-certification-sf"
    ]
  },
  {
    "value": "nicf--devops-foundation-with-bizops-sf",
    "synonyms": [
      "nicf--devops-foundation-with-bizops-sf"
    ]
  },
  {
    "value": "nicf--itil-foundation-certificate-in-it-service-management-sf",
    "synonyms": [
      "nicf--itil-foundation-certificate-in-it-service-management-sf"
    ]
  },
  {
    "value": "-nicf--itil%C3%A2-continual-service-improvement-certificate-sf",
    "synonyms": [
      "-nicf--itil%C3%A2-continual-service-improvement-certificate-sf"
    ]
  },
  {
    "value": "nicf--itil-operational-support-and-analysis-certificate-sf",
    "synonyms": [
      "nicf--itil-operational-support-and-analysis-certificate-sf"
    ]
  },
  {
    "value": "nicf--itil-release-control-and-validation-certificate-sf",
    "synonyms": [
      "nicf--itil-release-control-and-validation-certificate-sf"
    ]
  },
  {
    "value": "nicf--itil-service-offerings-and-agreements-certificate-sf",
    "synonyms": [
      "nicf--itil-service-offerings-and-agreements-certificate-sf"
    ]
  },
  {
    "value": "nicf--systems-thinking-root-cause-analysis-sf",
    "synonyms": [
      "nicf--systems-thinking-root-cause-analysis-sf"
    ]
  },
  {
    "value": "nicf--innovation-bootcamp-sf",
    "synonyms": [
      "nicf--innovation-bootcamp-sf"
    ]
  },
  {
    "value": "nicf--strategic-design-innovation-sf",
    "synonyms": [
      "nicf--strategic-design-innovation-sf"
    ]
  },
  {
    "value": "nicf--service-design-sf",
    "synonyms": [
      "nicf--service-design-sf"
    ]
  },
  {
    "value": "nicf--technopreneurship-sf",
    "synonyms": [
      "nicf--technopreneurship-sf"
    ]
  },
  {
    "value": "nicf--digital-user-experience-design-sf",
    "synonyms": [
      "nicf--digital-user-experience-design-sf"
    ]
  },
  {
    "value": "nicf--mobile-user-experience-design-sf",
    "synonyms": [
      "nicf--mobile-user-experience-design-sf"
    ]
  },
  {
    "value": "nicf--web-analytics-seo-sf",
    "synonyms": [
      "nicf--web-analytics-seo-sf"
    ]
  },
  {
    "value": "nicf--digital-social-engagement-strategy-sf",
    "synonyms": [
      "nicf--digital-social-engagement-strategy-sf"
    ]
  },
  {
    "value": "nicf--social-media-analytics-sf",
    "synonyms": [
      "nicf--social-media-analytics-sf"
    ]
  },
  {
    "value": "nicf--communicating-and-managing-change-sf",
    "synonyms": [
      "nicf--communicating-and-managing-change-sf"
    ]
  },
  {
    "value": "nicf--strategic-futures-foresight-sf",
    "synonyms": [
      "nicf--strategic-futures-foresight-sf"
    ]
  },
  {
    "value": "nicf--digital-transformation-planning-sf",
    "synonyms": [
      "nicf--digital-transformation-planning-sf"
    ]
  },
  {
    "value": "nicf--innovation-bootcamp-sf",
    "synonyms": [
      "nicf--innovation-bootcamp-sf"
    ]
  },
  {
    "value": "nicf--data-driven-decision-making-sf",
    "synonyms": [
      "nicf--data-driven-decision-making-sf"
    ]
  },
  {
    "value": "certified-scrum-product-owner-",
    "synonyms": [
      "certified-scrum-product-owner-"
    ]
  },
  {
    "value": "certified-business-analysis-professional-cbap-preparatory-course",
    "synonyms": [
      "certified-business-analysis-professional-cbap-preparatory-course"
    ]
  },
  {
    "value": "nicf-business-agility-bootcamp",
    "synonyms": [
      "nicf-business-agility-bootcamp"
    ]
  },
  {
    "value": "nicf--business-analysis-for-agile-practitioners-sf",
    "synonyms": [
      "nicf--business-analysis-for-agile-practitioners-sf"
    ]
  },
  {
    "value": "nicf--business-process-reengineering-sf",
    "synonyms": [
      "nicf--business-process-reengineering-sf"
    ]
  },
  {
    "value": "nicf--strategic-business-analysis-sf",
    "synonyms": [
      "nicf--strategic-business-analysis-sf"
    ]
  },
  {
    "value": "nicf--enterprise-architecture-masterclass-sf",
    "synonyms": [
      "nicf--enterprise-architecture-masterclass-sf"
    ]
  },
  {
    "value": "nicf---enterprise-architecture-practicum---aop-sf",
    "synonyms": [
      "nicf---enterprise-architecture-practicum---aop-sf"
    ]
  },
  {
    "value": "nicf--enterprise-architecture-practicum-sf",
    "synonyms": [
      "nicf--enterprise-architecture-practicum-sf"
    ]
  },
  {
    "value": "nicf--certified-enterprise-architecture-practitioner-course-sf",
    "synonyms": [
      "nicf--certified-enterprise-architecture-practitioner-course-sf"
    ]
  },
  {
    "value": "nicf--aisp-qualified-information-security-professional-course-sf",
    "synonyms": [
      "nicf--aisp-qualified-information-security-professional-course-sf"
    ]
  },
  {
    "value": "nicf--securing-iot-sf",
    "synonyms": [
      "nicf--securing-iot-sf"
    ]
  },
  {
    "value": "nicf--design-secure-mobile-architecture-sf",
    "synonyms": [
      "nicf--design-secure-mobile-architecture-sf"
    ]
  },
  {
    "value": "nicf--design-secure-mobile-architecture-ssdla-sf",
    "synonyms": [
      "nicf--design-secure-mobile-architecture-ssdla-sf"
    ]
  },
  {
    "value": "nicf--cobit-5-foundation-sf",
    "synonyms": [
      "nicf--cobit-5-foundation-sf"
    ]
  },
  {
    "value": "nicf--isc-ccsp-cbk-training-seminar-sf",
    "synonyms": [
      "nicf--isc-ccsp-cbk-training-seminar-sf"
    ]
  },
  {
    "value": "nicf--isc-cissp-cbk-training-seminar-sf",
    "synonyms": [
      "nicf--isc-cissp-cbk-training-seminar-sf"
    ]
  },
  {
    "value": "nicf--cybersecurity-risk-awareness-sf",
    "synonyms": [
      "nicf--cybersecurity-risk-awareness-sf"
    ]
  },
  {
    "value": "nicf--managing-cybersecurity-risk-sf",
    "synonyms": [
      "nicf--managing-cybersecurity-risk-sf"
    ]
  },
  {
    "value": "nicf--cyber-security-for-ict-professionals-sf",
    "synonyms": [
      "nicf--cyber-security-for-ict-professionals-sf"
    ]
  },
  {
    "value": "nicf--isc-csslp-cbk-training-seminar-sf",
    "synonyms": [
      "nicf--isc-csslp-cbk-training-seminar-sf"
    ]
  },
  {
    "value": "nicf--data-governance-protection-sf",
    "synonyms": [
      "nicf--data-governance-protection-sf"
    ]
  },
  {
    "value": "nicf--enterprise-digital-governance-sf",
    "synonyms": [
      "nicf--enterprise-digital-governance-sf"
    ]
  },
  {
    "value": "e-government",
    "synonyms": [
      "e-government"
    ]
  },
  {
    "value": "nicf-specialist-diploma-in-enterprise-architecture",
    "synonyms": [
      "nicf-specialist-diploma-in-enterprise-architecture"
    ]
  },
  {
    "value": "nicf--strategic-product-manager-sf",
    "synonyms": [
      "nicf--strategic-product-manager-sf"
    ]
  },
  {
    "value": "nicf--digital-product-strategy-sf",
    "synonyms": [
      "nicf--digital-product-strategy-sf"
    ]
  },
  {
    "value": "nicf--product-thinking-for-organisations-sf",
    "synonyms": [
      "nicf--product-thinking-for-organisations-sf"
    ]
  },
  {
    "value": "nicf--strategic-product-market-fit-sf",
    "synonyms": [
      "nicf--strategic-product-market-fit-sf"
    ]
  },
  {
    "value": "nicf--pmp-for-project-managers-sf",
    "synonyms": [
      "nicf--pmp-for-project-managers-sf"
    ]
  },
  {
    "value": "nicf--pmi-agile-certified-practitioner-pmi-acp-preparatory-course-acp-sf",
    "synonyms": [
      "nicf--pmi-agile-certified-practitioner-pmi-acp-preparatory-course-acp-sf"
    ]
  },
  {
    "value": "nicf--prince2-projects-in-controlled-environments---foundation-and-practitioner-certificate-sf",
    "synonyms": [
      "nicf--prince2-projects-in-controlled-environments---foundation-and-practitioner-certificate-sf"
    ]
  },
  {
    "value": "certified-scrum-product-owner-",
    "synonyms": [
      "certified-scrum-product-owner-"
    ]
  },
  {
    "value": "nicf--certified-scrummaster-sf",
    "synonyms": [
      "nicf--certified-scrummaster-sf"
    ]
  },
  {
    "value": "nicf--managing-business-analytics-projects-sf",
    "synonyms": [
      "nicf--managing-business-analytics-projects-sf"
    ]
  },
  {
    "value": "nicf--communicating-and-managing-change-sf",
    "synonyms": [
      "nicf--communicating-and-managing-change-sf"
    ]
  },
  {
    "value": "nus-iss-certificate-in-digital-solutions-development-design-sf",
    "synonyms": [
      "nus-iss-certificate-in-digital-solutions-development-design-sf"
    ]
  },
  {
    "value": "nus-iss-certificate-in-digital-solutions-development-foundations-sf",
    "synonyms": [
      "nus-iss-certificate-in-digital-solutions-development-foundations-sf"
    ]
  },
  {
    "value": "nus-iss-certificate-in-digital-solutions-development-web-applications-sa4105-sf",
    "synonyms": [
      "nus-iss-certificate-in-digital-solutions-development-web-applications-sa4105-sf"
    ]
  },
  {
    "value": "nus-iss-certificate-in-digital-solutions-development---mobility-applications-sf",
    "synonyms": [
      "nus-iss-certificate-in-digital-solutions-development---mobility-applications-sf"
    ]
  },
  {
    "value": "nus-graduate-diploma-in-systems-analysis-sf",
    "synonyms": [
      "nus-graduate-diploma-in-systems-analysis-sf"
    ]
  },
  {
    "value": "nicf--essential-practices-for-agile-teams-sf",
    "synonyms": [
      "nicf--essential-practices-for-agile-teams-sf"
    ]
  },
  {
    "value": "nicf--agile-testing-sf",
    "synonyms": [
      "nicf--agile-testing-sf"
    ]
  },
  {
    "value": "nicf--designing-cloud-enabled-mobile-applications-sf",
    "synonyms": [
      "nicf--designing-cloud-enabled-mobile-applications-sf"
    ]
  },
  {
    "value": "nicf--object-oriented-analysis-design-sf",
    "synonyms": [
      "nicf--object-oriented-analysis-design-sf"
    ]
  },
  {
    "value": "nicf--object-oriented-design-patterns-sf",
    "synonyms": [
      "nicf--object-oriented-design-patterns-sf"
    ]
  },
  {
    "value": "nicf---cloud-native-solution-design-sf",
    "synonyms": [
      "nicf---cloud-native-solution-design-sf"
    ]
  },
  {
    "value": "platform-engineering-SF",
    "synonyms": [
      "platform-engineering-SF"
    ]
  },
  {
    "value": "devops-engineering-and-automation-SF",
    "synonyms": [
      "devops-engineering-and-automation-SF"
    ]
  },
  {
    "value": "nicf--architecting-software-solutions-sf",
    "synonyms": [
      "nicf--architecting-software-solutions-sf"
    ]
  },
  {
    "value": "nicf--strategic-product-manager-sf",
    "synonyms": [
      "nicf--strategic-product-manager-sf"
    ]
  },
  {
    "value": "nicf--service-design-sf",
    "synonyms": [
      "nicf--service-design-sf"
    ]
  },
  {
    "value": "nicf--digital-product-strategy-sf",
    "synonyms": [
      "nicf--digital-product-strategy-sf"
    ]
  },
  {
    "value": "nicf--big-data-engineering-for-analytics-sf",
    "synonyms": [
      "nicf--big-data-engineering-for-analytics-sf"
    ]
  },
  {
    "value": "nicf--envisioning-smart-urban-iot-solutions-sf",
    "synonyms": [
      "nicf--envisioning-smart-urban-iot-solutions-sf"
    ]
  },
  {
    "value": "nicf--developing-smart-urban-iot-solutions-sf",
    "synonyms": [
      "nicf--developing-smart-urban-iot-solutions-sf"
    ]
  },
  {
    "value": "nicf--securing-iot-sf",
    "synonyms": [
      "nicf--securing-iot-sf"
    ]
  },
  {
    "value": "humanizing-smart-systems-SF",
    "synonyms": [
      "humanizing-smart-systems-SF"
    ]
  },
  {
    "value": "nicf--architecting-iot-solutions-sf",
    "synonyms": [
      "nicf--architecting-iot-solutions-sf"
    ]
  },
  {
    "value": "designing-intelligent-edge-computing-SF",
    "synonyms": [
      "designing-intelligent-edge-computing-SF"
    ]
  },
  {
    "value": "nicf--design-secure-mobile-architecture-sf",
    "synonyms": [
      "nicf--design-secure-mobile-architecture-sf"
    ]
  },
  {
    "value": "nicf--design-secure-mobile-architecture-ssdla-sf",
    "synonyms": [
      "nicf--design-secure-mobile-architecture-ssdla-sf"
    ]
  },
  {
    "value": "nicf--isc-cissp-cbk-training-seminar-sf",
    "synonyms": [
      "nicf--isc-cissp-cbk-training-seminar-sf"
    ]
  },
  {
    "value": "nicf--introduction-to-blockchain-dlt-for-executives-sf",
    "synonyms": [
      "nicf--introduction-to-blockchain-dlt-for-executives-sf"
    ]
  },
  {
    "value": "nicf--python-for-data-ops-and-things-sf",
    "synonyms": [
      "nicf--python-for-data-ops-and-things-sf"
    ]
  },
  {
    "value": "nicf--client-side-foundation-sf",
    "synonyms": [
      "nicf--client-side-foundation-sf"
    ]
  },
  {
    "value": "nicf--server-side-foundation-sf",
    "synonyms": [
      "nicf--server-side-foundation-sf"
    ]
  },
  {
    "value": "nicf--persistence-and-analytics-fundamentals-sf",
    "synonyms": [
      "nicf--persistence-and-analytics-fundamentals-sf"
    ]
  },
  {
    "value": "nicf--security-notification-and-messaging-fundamentals-sf",
    "synonyms": [
      "nicf--security-notification-and-messaging-fundamentals-sf"
    ]
  },
  {
    "value": "nicf--containers-for-deploying-and-scaling-apps-sf",
    "synonyms": [
      "nicf--containers-for-deploying-and-scaling-apps-sf"
    ]
  },
  {
    "value": "nicf--restful-api-design-sf",
    "synonyms": [
      "nicf--restful-api-design-sf"
    ]
  },
  {
    "value": "nicf--supervised-and-unsupervised-modeling-with-machine-learning-sf",
    "synonyms": [
      "nicf--supervised-and-unsupervised-modeling-with-machine-learning-sf"
    ]
  },
  {
    "value": "nicf--data-and-feature-engineering-for-machine-learning--sf",
    "synonyms": [
      "nicf--data-and-feature-engineering-for-machine-learning--sf"
    ]
  },
  {
    "value": "nicf--sequence-modeling-with-deep-learning-sf",
    "synonyms": [
      "nicf--sequence-modeling-with-deep-learning-sf"
    ]
  },
  {
    "value": "nicf--feature-extraction-and-supervised-modeling-with-deep-learning-sf",
    "synonyms": [
      "nicf--feature-extraction-and-supervised-modeling-with-deep-learning-sf"
    ]
  }
]