[
  {
    "value": "Graduate Diploma in Systems Analysis",
    "synonyms": [
      "Graduate Diploma in Systems Analysis",
      "GDipSA",
      "GD",
      "Systems Analysis",
      "SA",
      "Graduate Diploma in Systems Analysis programme",
      "Graduate Diploma in Systems Analysis program",
      "GD in SA",
      "Graduate Diploma in SA",
      "Graduate Diploma of SA"
    ]
  },
  {
    "value": "Master of Technology in Enterprise Business Analytics",
    "synonyms": [
      "Master of Technology in Enterprise Business Analytics",
      "Master of Technology in Enterprise Business Analytics program",
      "Master of Technology in Enterprise Business Analytics programme",
      "Enterprise Business Analytics",
      "MTech Enterprise Business Analytics",
      "MTech of Enterprise Business Analytics",
      "MTech in EBAC",
      "EBAC",
      "Business Analytics",
      "MTech of EBAC"
    ]
  },
  {
    "value": "Master of Technology in Digital Leadership",
    "synonyms": [
      "Master of Technology in Digital Leadership",
      "Master of Technology in Digital Leadership program",
      "Master of Technology in Digital Leadership programme",
      "Digital Leadership",
      "MTech Digital Leadership",
      "MTech of Digital Leadership",
      "MTech in Digital Leadership",
      "MTech in DL",
      "MTech of DL",
      "DL"
    ]
  },
  {
    "value": "Master of Technology in Knowledge Engineering",
    "synonyms": [
      "Master of Technology in Knowledge Engineering",
      "Master of Technology in Knowledge Engineering program",
      "Master of Technology in Knowledge Engineering programme",
      "Knowledge Engineering",
      "MTech Knowledge Engineering",
      "MTech of Knowledge Engineering",
      "MTech in Knowledge Engineering",
      "MTech in KE",
      "MTech of KE",
      "KE",
      "Knowledge engin"
    ]
  },
  {
    "value": "Master of Technology in Intelligent Systems",
    "synonyms": [
      "Master of Technology in Intelligent Systems",
      "Master of Technology in Intelligent Systems program",
      "Master of Technology in Intelligent Systems programme",
      "Intelligent Systems",
      "MTech Intelligent Systems",
      "MTech of Intelligent Systems",
      "MTech in Intelligent Systems",
      "MTech in IS",
      "MTech of IS",
      "IS",
      "Inteligent sys"
    ]
  },
  {
    "value": "Master of Technology in Software Engineering",
    "synonyms": [
      "Master of Technology in Software Engineering",
      "Master of Technology in Software Engineering program",
      "Master of Technology in Software Engineering programme",
      "Software Engineering",
      "MTech Software Engineering",
      "MTech of Software Engineering",
      "MTech in Software Engineering",
      "MTech in SE",
      "MTech of SE",
      "SE",
      "software engin"
    ]
  }
]