[
  {
    "id": "88ec0da3-8690-4162-aeaa-f9a42526d758",
    "data": [
      {
        "text": "machine-reasoning",
        "alias": "disclvl1",
        "meta": "@disclvl1",
        "userDefined": false
      }
    ],
    "isTemplate": false,
    "count": 0
  },
  {
    "id": "9e850a45-cd10-4aca-899f-043a7a210a10",
    "data": [
      {
        "text": "reasoning-systems",
        "alias": "disclvl1",
        "meta": "@disclvl1",
        "userDefined": false
      }
    ],
    "isTemplate": false,
    "count": 0
  },
  {
    "id": "13099a10-d2b9-43fb-b8ff-6b2e7b44380b",
    "data": [
      {
        "text": "problem-solving-using-pattern-recognition",
        "alias": "disclvl1",
        "meta": "@disclvl1",
        "userDefined": false
      }
    ],
    "isTemplate": false,
    "count": 0
  },
  {
    "id": "ea0e8527-cf50-4e27-9c01-771145c83445",
    "data": [
      {
        "text": "intelligent-sensing-and-sense-making",
        "alias": "disclvl1",
        "meta": "@disclvl1",
        "userDefined": false
      }
    ],
    "isTemplate": false,
    "count": 0
  },
  {
    "id": "d3445faa-ee9f-443f-9cc3-6a8d7d7fdae4",
    "data": [
      {
        "text": "pattern-recognition-and-machine-learning-systems",
        "alias": "disclvl1",
        "meta": "@disclvl1",
        "userDefined": false
      }
    ],
    "isTemplate": false,
    "count": 0
  },
  {
    "id": "bf2ccb15-96e0-49d1-9a0d-6deff5d98fc8",
    "data": [
      {
        "text": "vision-systems",
        "alias": "disclvl1",
        "meta": "@disclvl1",
        "userDefined": false
      }
    ],
    "isTemplate": false,
    "count": 0
  },
  {
    "id": "7735d56c-3625-4f25-a292-964bbd267d37",
    "data": [
      {
        "text": "spatial-reasoning-from-sensor-data",
        "alias": "disclvl1",
        "meta": "@disclvl1",
        "userDefined": false
      }
    ],
    "isTemplate": false,
    "count": 0
  },
  {
    "id": "8ce72744-ab20-4f87-94f9-d14e37c28eb8",
    "data": [
      {
        "text": "new-media-and-sentiment-mining-new",
        "alias": "disclvl1",
        "meta": "@disclvl1",
        "userDefined": false
      }
    ],
    "isTemplate": false,
    "count": 0
  },
  {
    "id": "45b9c616-5da5-4149-9584-882cecba4fda",
    "data": [
      {
        "text": "nicf--text-analytics-sf",
        "alias": "disclvl1",
        "meta": "@disclvl1",
        "userDefined": false
      }
    ],
    "isTemplate": false,
    "count": 0
  },
  {
    "id": "2ac09b3c-0d2e-4322-bd2e-43ad44ec077c",
    "data": [
      {
        "text": "text-processing-using-machine-learning",
        "alias": "disclvl1",
        "meta": "@disclvl1",
        "userDefined": false
      }
    ],
    "isTemplate": false,
    "count": 0
  },
  {
    "id": "85d09065-1888-41fc-ad2f-3684923cc66d",
    "data": [
      {
        "text": "robotic-systems",
        "alias": "disclvl1",
        "meta": "@disclvl1",
        "userDefined": false
      }
    ],
    "isTemplate": false,
    "count": 0
  }
]