[
  {
    "id": "ab58aff1-9145-4c0c-9edc-9cc4c358d69e",
    "data": [
      {
        "text": "Certificates",
        "alias": "disclvl2",
        "meta": "@disclvl2",
        "userDefined": false
      }
    ],
    "isTemplate": false,
    "count": 0
  },
  {
    "id": "bfc06157-27ed-4dd5-b5e4-90392fbf259f",
    "data": [
      {
        "text": "Course Fees",
        "alias": "disclvl2",
        "meta": "@disclvl2",
        "userDefined": false
      }
    ],
    "isTemplate": false,
    "count": 0
  },
  {
    "id": "32298e1c-1df7-4c10-ba9d-523292bb99b2",
    "data": [
      {
        "text": "What will be covered",
        "alias": "disclvl2",
        "meta": "@disclvl2",
        "userDefined": false
      }
    ],
    "isTemplate": false,
    "count": 0
  },
  {
    "id": "184c7bbb-0722-4ac7-9215-3682b41b0d29",
    "data": [
      {
        "text": "Pre-requsites",
        "alias": "disclvl2",
        "meta": "@disclvl2",
        "userDefined": false
      }
    ],
    "isTemplate": false,
    "count": 0
  },
  {
    "id": "365901e7-7968-4988-9fbb-995d5939dd3e",
    "data": [
      {
        "text": "Who should attend",
        "alias": "disclvl2",
        "meta": "@disclvl2",
        "userDefined": false
      }
    ],
    "isTemplate": false,
    "count": 0
  },
  {
    "id": "106fbe39-1bfa-425b-80cd-c60a070418e7",
    "data": [
      {
        "text": "Key Takeaway",
        "alias": "disclvl2",
        "meta": "@disclvl2",
        "userDefined": false
      }
    ],
    "isTemplate": false,
    "count": 0
  },
  {
    "id": "b8c046b7-e7e0-4cef-bd7e-ecbe843be968",
    "data": [
      {
        "text": "Overview",
        "alias": "disclvl2",
        "meta": "@disclvl2",
        "userDefined": false
      }
    ],
    "isTemplate": false,
    "count": 0
  }
]