[
  {
    "id": "8db6e340-8daa-4233-bb61-f2ab340cf050",
    "data": [
      {
        "text": "Tell me about ",
        "userDefined": false
      },
      {
        "text": "Stackable Certificate Programmes",
        "alias": "categoryname",
        "meta": "@categoryname",
        "userDefined": false
      }
    ],
    "isTemplate": false,
    "count": 0
  },
  {
    "id": "78f99c68-1d48-46c3-9fb2-55ffc4411c9a",
    "data": [
      {
        "text": "Tell me about ",
        "userDefined": false
      },
      {
        "text": "Executive Education Programmes",
        "alias": "categoryname",
        "meta": "@categoryname",
        "userDefined": false
      }
    ],
    "isTemplate": false,
    "count": 0
  },
  {
    "id": "aca8df83-a8b4-4f79-bb83-50055628b8a6",
    "data": [
      {
        "text": "Tell me about ",
        "userDefined": false
      },
      {
        "text": "Graduate Programmes",
        "alias": "categoryname",
        "meta": "@categoryname",
        "userDefined": false
      }
    ],
    "isTemplate": false,
    "count": 0
  }
]