[
  {
    "id": "38e724ff-d766-4b1a-abc2-db1a8065c4ee",
    "data": [
      {
        "text": "Securing Ubiquitous Systems",
        "alias": "level2",
        "meta": "@level2",
        "userDefined": false
      }
    ],
    "isTemplate": false,
    "count": 0
  },
  {
    "id": "cb7eaaac-a8d4-473d-85af-c6065878b630",
    "data": [
      {
        "text": "Engineering Big Data",
        "alias": "level2",
        "meta": "@level2",
        "userDefined": false
      }
    ],
    "isTemplate": false,
    "count": 0
  },
  {
    "id": "8c581fad-2ae1-4fc4-96a2-bdca1f7dcb17",
    "data": [
      {
        "text": "Designing and Managing Products and Platforms",
        "alias": "level2",
        "meta": "@level2",
        "userDefined": false
      }
    ],
    "isTemplate": false,
    "count": 0
  },
  {
    "id": "b1f4207b-764b-418b-80ad-1c253f3b9a89",
    "data": [
      {
        "text": "Architecting Smart Systems",
        "alias": "level2",
        "meta": "@level2",
        "userDefined": false
      }
    ],
    "isTemplate": false,
    "count": 0
  },
  {
    "id": "7804dd26-2e7e-4dc7-a9d2-475643e8714e",
    "data": [
      {
        "text": "Architecting Scalable Systems",
        "alias": "level2",
        "meta": "@level2",
        "userDefined": false
      }
    ],
    "isTemplate": false,
    "count": 0
  },
  {
    "id": "7b9b5585-b243-4126-9bf4-dd29a0cd1a90",
    "data": [
      {
        "text": "Intelligent Software Agents",
        "alias": "level2",
        "meta": "@level2",
        "userDefined": false
      }
    ],
    "isTemplate": false,
    "count": 0
  },
  {
    "id": "d8b07bc9-f590-4d21-afc8-b91e5218bdd6",
    "data": [
      {
        "text": "Intelligent Sensing Systems",
        "alias": "level2",
        "meta": "@level2",
        "userDefined": false
      }
    ],
    "isTemplate": false,
    "count": 0
  },
  {
    "id": "7506f5b0-ef2f-48f7-a841-078fea0b2f24",
    "data": [
      {
        "text": "Intelligent Robotic Systems",
        "alias": "level2",
        "meta": "@level2",
        "userDefined": false
      }
    ],
    "isTemplate": false,
    "count": 0
  },
  {
    "id": "dfb1d70d-1bfd-4418-a9b0-88c6647a3b09",
    "data": [
      {
        "text": "Pattern Recognition Systems",
        "alias": "level2",
        "meta": "@level2",
        "userDefined": false
      }
    ],
    "isTemplate": false,
    "count": 0
  },
  {
    "id": "f124ddcc-0032-4bea-be81-62d7ebbb94f4",
    "data": [
      {
        "text": "Intelligent Reasoning Systems",
        "alias": "level2",
        "meta": "@level2",
        "userDefined": false
      }
    ],
    "isTemplate": false,
    "count": 0
  },
  {
    "id": "c9e1cef0-c066-4f57-95ee-9bd742b3dfdc",
    "data": [
      {
        "text": "Digital Leadership Capstone",
        "alias": "level2",
        "meta": "@level2",
        "userDefined": false
      }
    ],
    "isTemplate": false,
    "count": 0
  },
  {
    "id": "18e2ef3b-c4ed-427d-b868-eea581a6529a",
    "data": [
      {
        "text": "Digital Leadership \u0026 People",
        "alias": "level2",
        "meta": "@level2",
        "userDefined": false
      }
    ],
    "isTemplate": false,
    "count": 0
  },
  {
    "id": "9cf074d5-5cff-4f3d-9387-827c0a000a2a",
    "data": [
      {
        "text": "Digital Transformation",
        "alias": "level2",
        "meta": "@level2",
        "userDefined": false
      }
    ],
    "isTemplate": false,
    "count": 0
  },
  {
    "id": "3f586b2e-f2f2-46a9-a74a-5ba7c92acb4c",
    "data": [
      {
        "text": "Practice of Digital Business",
        "alias": "level2",
        "meta": "@level2",
        "userDefined": false
      }
    ],
    "isTemplate": false,
    "count": 0
  },
  {
    "id": "5e69087e-c52f-44b2-9921-5c82cc9b2090",
    "data": [
      {
        "text": "Advanced Predictive Modelling Techniques",
        "alias": "level2",
        "meta": "@level2",
        "userDefined": false
      }
    ],
    "isTemplate": false,
    "count": 0
  },
  {
    "id": "4ced9b39-8b66-45a9-af02-0c116373d22b",
    "data": [
      {
        "text": "Practical Language Processing",
        "alias": "level2",
        "meta": "@level2",
        "userDefined": false
      }
    ],
    "isTemplate": false,
    "count": 0
  },
  {
    "id": "eedb79dc-429b-4185-af9e-1b22bf666444",
    "data": [
      {
        "text": "Big Data Processing",
        "alias": "level2",
        "meta": "@level2",
        "userDefined": false
      }
    ],
    "isTemplate": false,
    "count": 0
  },
  {
    "id": "d0d9ad49-af17-4ebb-9d07-6032483a9384",
    "data": [
      {
        "text": "Customer Analytics",
        "alias": "level2",
        "meta": "@level2",
        "userDefined": false
      }
    ],
    "isTemplate": false,
    "count": 0
  },
  {
    "id": "09340537-c085-445e-b323-33ac24ec3814",
    "data": [
      {
        "text": "Core Analytics Techniques",
        "alias": "level2",
        "meta": "@level2",
        "userDefined": false
      }
    ],
    "isTemplate": false,
    "count": 0
  },
  {
    "id": "92e147d5-0edb-436c-8f8b-8de4ae1caf8c",
    "data": [
      {
        "text": "Analytics Project Management and Delivery",
        "alias": "level2",
        "meta": "@level2",
        "userDefined": false
      }
    ],
    "isTemplate": false,
    "count": 0
  },
  {
    "id": "e70ea172-1e08-48b5-ae86-657756f55c33",
    "data": [
      {
        "text": "Learning Outcomes",
        "alias": "level2",
        "meta": "@level2",
        "userDefined": false
      }
    ],
    "isTemplate": false,
    "count": 0
  },
  {
    "id": "8acb61b8-b9db-4c79-bd54-248a76e64a70",
    "data": [
      {
        "text": "Objectives",
        "alias": "level2",
        "meta": "@level2",
        "userDefined": false
      }
    ],
    "isTemplate": false,
    "count": 0
  },
  {
    "id": "208a7594-3d18-41de-b14a-b575e1b13d22",
    "data": [
      {
        "text": "Summary",
        "alias": "level2",
        "meta": "@level2",
        "userDefined": false
      }
    ],
    "isTemplate": false,
    "count": 0
  },
  {
    "id": "ccb96789-25a6-40e8-b311-848f443e4000",
    "data": [
      {
        "text": "Mobile Solution Development",
        "alias": "level2",
        "meta": "@level2",
        "userDefined": false
      }
    ],
    "isTemplate": false,
    "count": 0
  },
  {
    "id": "f7dfdec2-7373-4e81-ad37-4c8f3a893775",
    "data": [
      {
        "text": "Project Management",
        "alias": "level2",
        "meta": "@level2",
        "userDefined": false
      }
    ],
    "isTemplate": false,
    "count": 0
  },
  {
    "id": "bfccbdc5-b12e-47bc-b7f0-1172260c0d11",
    "data": [
      {
        "text": "Internet Application Development",
        "alias": "level2",
        "meta": "@level2",
        "userDefined": false
      }
    ],
    "isTemplate": false,
    "count": 0
  },
  {
    "id": "8ee45a84-04af-4bb6-896d-c973d93a9d9b",
    "data": [
      {
        "text": "Full stack Solution Development",
        "alias": "level2",
        "meta": "@level2",
        "userDefined": false
      }
    ],
    "isTemplate": false,
    "count": 0
  },
  {
    "id": "5f36be3c-0240-4861-971b-f0ca8ef4ef56",
    "data": [
      {
        "text": "Programming - Python Suite",
        "alias": "level2",
        "meta": "@level2",
        "userDefined": false
      }
    ],
    "isTemplate": false,
    "count": 0
  },
  {
    "id": "f9dd1464-e5ff-458f-8cc3-c410dd211f2c",
    "data": [
      {
        "text": "Programming - Java Suite",
        "alias": "level2",
        "meta": "@level2",
        "userDefined": false
      }
    ],
    "isTemplate": false,
    "count": 0
  },
  {
    "id": "03ac43cd-0c1e-48e6-8c64-56c1d919bb5f",
    "data": [
      {
        "text": "Programming - C# Suite",
        "userDefined": false
      }
    ],
    "isTemplate": false,
    "count": 0
  },
  {
    "id": "eb38d161-94c9-4350-bb1e-75b3d41d85ab",
    "data": [
      {
        "text": "Databases",
        "alias": "level2",
        "meta": "@level2",
        "userDefined": false
      }
    ],
    "isTemplate": false,
    "count": 0
  },
  {
    "id": "376a14a8-3f19-44f7-ad60-7ccf4a0ca7b2",
    "data": [
      {
        "text": "Technology",
        "alias": "level2",
        "meta": "@level2",
        "userDefined": false
      }
    ],
    "isTemplate": false,
    "count": 0
  },
  {
    "id": "4bd5dbd5-63c6-4cbe-b403-72232444f701",
    "data": [
      {
        "text": "Methodology",
        "alias": "level2",
        "meta": "@level2",
        "userDefined": false
      }
    ],
    "isTemplate": false,
    "count": 0
  },
  {
    "id": "774afc2f-5e46-476f-95b7-82e9a21613cc",
    "data": [
      {
        "text": "Non-technical learning outcomes",
        "alias": "level2",
        "meta": "@level2",
        "userDefined": false
      }
    ],
    "isTemplate": false,
    "count": 0
  },
  {
    "id": "4ef77348-c901-4428-89f4-094f30a6ece4",
    "data": [
      {
        "text": "Technical learning outcomes",
        "alias": "level2",
        "meta": "@level2",
        "userDefined": false
      }
    ],
    "isTemplate": false,
    "count": 0
  },
  {
    "id": "7a61c284-366d-4b98-80ce-e67b32a1d875",
    "data": [
      {
        "text": "Application Deadline",
        "alias": "level2",
        "meta": "@level2",
        "userDefined": false
      }
    ],
    "isTemplate": false,
    "count": 0
  },
  {
    "id": "fef057fe-51be-4079-a90a-dba5422656f0",
    "data": [
      {
        "text": "Duration",
        "alias": "level2",
        "meta": "@level2",
        "userDefined": false
      }
    ],
    "isTemplate": false,
    "count": 0
  },
  {
    "id": "400dff65-09e4-4ff5-8f99-6ce2a8a794d9",
    "data": [
      {
        "text": "Next Intake Time",
        "alias": "level2",
        "meta": "@level2",
        "userDefined": false
      }
    ],
    "isTemplate": false,
    "count": 0
  },
  {
    "id": "e5da9c10-b8f0-4f1e-a610-9115bbcb1e50",
    "data": [
      {
        "text": "Purpose",
        "alias": "level2",
        "meta": "@level2",
        "userDefined": false
      }
    ],
    "isTemplate": false,
    "count": 0
  }
]