[
  {
    "id": "166acc2e-0f43-451f-8c26-e37dc0264a97",
    "data": [
      {
        "text": "Career Path",
        "alias": "level1",
        "meta": "@level1",
        "userDefined": false
      }
    ],
    "isTemplate": false,
    "count": 0
  },
  {
    "id": "ff1bcc79-a905-4446-b39d-32e6ea6dd8f1",
    "data": [
      {
        "text": "Admission \u0026 Application",
        "alias": "level1",
        "meta": "@level1",
        "userDefined": false
      }
    ],
    "isTemplate": false,
    "count": 0
  },
  {
    "id": "16cd0b8b-4098-4928-b9a4-f2fd7757375e",
    "data": [
      {
        "text": "Fee \u0026 Loans",
        "alias": "level1",
        "meta": "@level1",
        "userDefined": false
      }
    ],
    "isTemplate": false,
    "count": 0
  },
  {
    "id": "f1641ea0-3c2e-444c-8388-7b411bbbe78b",
    "data": [
      {
        "text": "Project \u0026 Internship",
        "alias": "level1",
        "meta": "@level1",
        "userDefined": false
      }
    ],
    "isTemplate": false,
    "count": 0
  },
  {
    "id": "6f999f4f-dd66-4ed1-b81d-87ea1db664ae",
    "data": [
      {
        "text": "Modules",
        "alias": "level1",
        "meta": "@level1",
        "userDefined": false
      }
    ],
    "isTemplate": false,
    "count": 0
  },
  {
    "id": "3907d675-e700-4495-8284-1a2b95f9b5c5",
    "data": [
      {
        "text": "Overview",
        "alias": "level1",
        "meta": "@level1",
        "userDefined": false
      }
    ],
    "isTemplate": false,
    "count": 0
  }
]