[
  {
    "id": "0c9b2cf7-f8fa-430e-8131-22fb6268080d",
    "data": [
      {
        "text": "StackUp - Startup Tech Talent Development",
        "alias": "discipline",
        "meta": "@discipline",
        "userDefined": true
      }
    ],
    "isTemplate": false,
    "count": 0
  },
  {
    "id": "104cc8c7-c099-45d2-9fc6-0d6ab203c166",
    "data": [
      {
        "text": "Software Systems",
        "alias": "discipline",
        "meta": "@discipline",
        "userDefined": true
      }
    ],
    "isTemplate": false,
    "count": 0
  },
  {
    "id": "3bdebbee-1df0-4839-86c8-526ec317dc2d",
    "data": [
      {
        "text": "Digital Products \u0026 Platforms",
        "alias": "discipline",
        "meta": "@discipline",
        "userDefined": true
      }
    ],
    "isTemplate": false,
    "count": 0
  },
  {
    "id": "ab0669c1-159a-4d68-9ccd-9c56add0f477",
    "data": [
      {
        "text": "Digital Strategy \u0026 Leadership",
        "alias": "discipline",
        "meta": "@discipline",
        "userDefined": true
      }
    ],
    "isTemplate": false,
    "count": 0
  },
  {
    "id": "4faeef31-682b-42c7-a489-af6ed8819d17",
    "data": [
      {
        "text": "Digital Innovation \u0026 Design",
        "alias": "discipline",
        "meta": "@discipline",
        "userDefined": true
      }
    ],
    "isTemplate": false,
    "count": 0
  },
  {
    "id": "c111658f-cce9-4a9f-bd83-d33b2628ad73",
    "data": [
      {
        "text": "Digital Agility",
        "alias": "discipline",
        "meta": "@discipline",
        "userDefined": true
      }
    ],
    "isTemplate": false,
    "count": 0
  },
  {
    "id": "ae47f6fa-1daf-4dda-b2e2-88f48d60995e",
    "data": [
      {
        "text": "Data Science",
        "alias": "discipline",
        "meta": "@discipline",
        "userDefined": true
      }
    ],
    "isTemplate": false,
    "count": 0
  },
  {
    "id": "dcfe60b8-3e9e-4bf2-bb80-fb66b21a65fa",
    "data": [
      {
        "text": "Cybersecurity",
        "alias": "discipline",
        "meta": "@discipline",
        "userDefined": true
      }
    ],
    "isTemplate": false,
    "count": 0
  },
  {
    "id": "15e6e85d-3700-4fbc-b3ec-9378620e3e1a",
    "data": [
      {
        "text": "Artificial Intelligence",
        "alias": "discipline",
        "meta": "@discipline",
        "userDefined": false
      }
    ],
    "isTemplate": false,
    "count": 0
  }
]