[
  {
    "id": "264cea23-6f34-4ab9-8386-bda0e4180d2b",
    "data": [
      {
        "text": "Master of Technology in Software Engineering",
        "alias": "programmename",
        "meta": "@programmename",
        "userDefined": false
      }
    ],
    "isTemplate": false,
    "count": 0
  },
  {
    "id": "5b5b381b-1b79-4d36-a475-9ed806df02b2",
    "data": [
      {
        "text": "Master of Technology in Intelligent Systems",
        "alias": "programmename",
        "meta": "@programmename",
        "userDefined": false
      }
    ],
    "isTemplate": false,
    "count": 0
  },
  {
    "id": "a7d1cf19-3e63-4082-8665-e28a852ebeb1",
    "data": [
      {
        "text": "Master of Technology in Digital Leadership",
        "alias": "programmename",
        "meta": "@programmename",
        "userDefined": false
      }
    ],
    "isTemplate": false,
    "count": 0
  },
  {
    "id": "8a205c17-1b13-48ee-bf8c-952cd32fc9c9",
    "data": [
      {
        "text": "Master of Technology in Enterprise Business Analytics",
        "alias": "programmename",
        "meta": "@programmename",
        "userDefined": false
      }
    ],
    "isTemplate": false,
    "count": 0
  },
  {
    "id": "6db595cd-5178-44ed-9bb5-9fd0c4e1bb31",
    "data": [
      {
        "text": "Graduate Diploma in Systems Analysis",
        "alias": "programmename",
        "meta": "@programmename",
        "userDefined": false
      }
    ],
    "isTemplate": false,
    "count": 0
  }
]